{
    "loss": 3.0892837047576904,
    "accuracy": 0.4313725531101227
}